name,website,phone,email,address,rating,reviews,source,query
MAVERICK RAY LAW,https://www.maverickraylaw.com/,+1 281-947-2007,,,,,GoogleMapsScraper,
Monty & Ramirez LLP,http://www.montyramirezlaw.com/,+1 281-493-5529,,,,,GoogleMapsScraper,
Dick Law Firm,http://www.dicklawfirm.com/,+1 832-529-9377,,,,,GoogleMapsScraper,
"McLaurin Law, PLLC",https://mdlawtex.com/,+1 713-804-7598,,,,,GoogleMapsScraper,
Wyly Cook Injury & Insurance Lawyers,http://www.wylylawfirm.com/,+1 713-766-0719,,,,,GoogleMapsScraper,
"Haun Mena, PLLC",https://haunmena.com/?utm_source=google&utm_medium=organic&utm_campaign=gmb_listing,+1 713-874-9216,,,,,GoogleMapsScraper,
Zehl & Associates Injury & Accident Lawyers - Houston,https://www.zehllaw.com/?utm_source=google&utm_medium=organic&utm_campaign=gmb,+1 713-322-3878,,,,,GoogleMapsScraper,
"Schechter, Shaffer & Harris, LLP - Accident & Injury Attorneys",https://www.smslegal.com/?utm_source=GBP&utm_medium=GBP&utm_campaign=GBP_Houston&utm_id=GBP_Houston,+1 832-551-1056,,,,,GoogleMapsScraper,
AK Law Firm,https://akfirm.com/,,,,,,GoogleMapsScraper,
"Huynh Law, PLLC",http://www.huynhlaw.com/,+1 281-702-8128,,,,,GoogleMapsScraper,
Arnold & Itkin LLP,https://www.arnolditkin.com/?SPPC=Offline&sppccampaignid=205296&utm_source=GMBlisting&utm_medium=organic,+1 713-497-1446,,,,,GoogleMapsScraper,
Gordon McKernan Injury Attorneys,https://www.getgordon.com/locations/denham-springs-injury-lawyers/?utm_source=google&utm_medium=organic&utm_campaign=gbp,+1 225-888-8888,,,,,GoogleMapsScraper,
Dudley DeBosier Injury Lawyers,https://www.dudleydebosier.com/denham-springs/?utm_source=google&utm_medium=organic&utm_campaign=gbp_listing,+1 225-438-8997,,,,,GoogleMapsScraper,
Reech Law Firm,,+1 225-791-4900,,,,,GoogleMapsScraper,
"Yesseaux Title and Law, LLC",https://www.yesseauxtitle.com/,+1 225-380-5057,,,,,GoogleMapsScraper,
"Erik L. Burns, APLC",https://www.erikburnslaw.com/,+1 225-791-2340,,,,,GoogleMapsScraper,
The Price Law Firm,http://www.bradpricelawfirm.com/,+1 225-228-0025,,,,,GoogleMapsScraper,
"John T. Roethele, APLC",,+1 225-664-2268,,,,,GoogleMapsScraper,
"Boyer, Hebert, Caruso, & Angelle Law Firm",https://bhalawfirm.com/,+1 225-664-4335,,,,,GoogleMapsScraper,
Pittman & Huggins Law Firm,http://pittmanhuggins.com/,+1 225-664-9500,,,,,GoogleMapsScraper,
"Rodney N. Erdey, A Professional Law Corporation",https://erdeylawfirm.com/,+1 225-791-6300,,,,,GoogleMapsScraper,
Fayard & Honeycutt APC,,+1 225-664-0304,,,,,GoogleMapsScraper,
D. Blayne Honeycutt,,+1 225-664-0304,,,,,GoogleMapsScraper,
Professional Title of La Inc,http://www.ptitleinc.com/,+1 225-665-5600,,,,,GoogleMapsScraper,
Mary E Heck-Barrios Law Office,,+1 225-664-9508,,,,,GoogleMapsScraper,
Farmer Richard E,,+1 225-369-2110,,,,,GoogleMapsScraper,
Champlin Title Inc,http://www.champlintitle.com/,+1 225-665-1220,,,,,GoogleMapsScraper,
"TitlePlus, LLC",https://titleplusla.com/,+1 225-709-3500,,,,,GoogleMapsScraper,
Duncan Law Firm,https://www.jduncanlawfirm.com/,+1 225-768-7803,,,,,GoogleMapsScraper,
Andrews Law Firm,,+1 225-791-4454,,,,,GoogleMapsScraper,
"The Law Office of Don R. Williams, LLC",https://www.drwlawyer.com/?utm_source=google-local&utm_medium=organic&utm_campaign=2539,+1 225-907-2673,,,,,GoogleMapsScraper,
Mensman Law,http://www.mensmanlaw.com/,+1 225-293-9720,,,,,GoogleMapsScraper,
Goosehead Insurance - Ryan Harrell,https://www.goosehead.com/agents/la/denham-springs/ryan-harrell?utm_source=google&utm_medium=organic_search&utm_campaign=yext,+1 225-304-0440,,,,,GoogleMapsScraper,
"Paeton L. Burkett, Attorney at Law",http://attorneyinlouisiana.com/,+1 225-806-8923,,,,,GoogleMapsScraper,
Micah Borne: Allstate Insurance,https://agents.allstate.com/micah-borne-denham-springs-la.html?utm_source=GMB&utm_medium=Website,+1 225-480-2200,,,,,GoogleMapsScraper,
Presley Wealth Management,https://presleywealthmanagement.com/,+1 225-791-5773,,,,,GoogleMapsScraper,
"Tharpe Family Insurance, LLC",http://www.tharpefamilyinsurance.com/,+1 225-271-4485,,,,,GoogleMapsScraper,
"C&A Associates, Inc.",http://www.caassociates.com/,+1 225-791-7797,,,,,GoogleMapsScraper,
